City_ID,City,Country,Date,Lat,Lng,Max Temp,Humidity,Cloudiness,Wind Speed
0,Klaksvik,FO,2022-04-27 16:00:09,62.2266,-6.589,47.32,73,99,12.1
1,Bluff,NZ,2022-04-27 15:55:55,-46.6,168.3333,49.91,84,69,6.02
2,Gay,RU,2022-04-27 16:00:14,51.4666,58.4552,59.58,48,54,8.41
3,Yellowknife,CA,2022-04-27 16:00:16,62.456,-114.3525,35.56,69,100,4.0
4,Mataura,NZ,2022-04-27 16:00:19,-46.1927,168.8643,41.38,98,9,2.1
5,Yarmouth,US,2022-04-27 16:00:21,41.7057,-70.2286,59.34,71,75,6.91
6,Deputatskiy,RU,2022-04-27 16:00:21,69.3,139.9,2.59,99,100,1.48
7,Rio Grande,BR,2022-04-27 15:55:56,-32.035,-52.0986,69.91,65,68,14.7
8,Iqaluit,CA,2022-04-27 16:00:24,63.7506,-68.5145,11.93,78,75,23.0
9,Tiksi,RU,2022-04-27 16:00:25,71.6872,128.8694,-4.07,100,89,3.98
10,Ulaangom,MN,2022-04-27 16:00:25,49.9811,92.0667,43.23,47,98,5.1
11,Xinzhi,CN,2022-04-27 16:00:26,36.4989,111.7047,54.68,76,100,5.28
12,Bredasdorp,ZA,2022-04-27 16:00:26,-34.5322,20.0403,60.69,74,6,6.55
13,Kapaa,US,2022-04-27 16:00:27,22.0752,-159.319,71.92,97,100,13.8
14,Dandeli,IN,2022-04-27 16:00:28,15.2667,74.6167,81.14,76,60,5.73
15,Hirara,JP,2022-04-27 16:00:28,24.8,125.2833,78.42,90,0,12.46
16,Dunedin,NZ,2022-04-27 16:00:29,-45.8742,170.5036,52.81,72,4,3.0
17,Kodiak,US,2022-04-27 16:00:30,57.79,-152.4072,41.41,71,7,1.05
18,Atuona,PF,2022-04-27 16:00:30,-9.8,-139.0333,78.44,77,38,22.12
19,Puerto Ayora,EC,2022-04-27 16:00:31,-0.7393,-90.3518,75.79,79,18,7.18
20,Kupang,ID,2022-04-27 16:00:31,-10.1667,123.5833,75.79,84,35,4.97
21,Saint George,US,2022-04-27 15:58:07,37.1041,-113.5841,72.79,18,28,1.99
22,Lisakovsk,KZ,2022-04-27 16:00:32,52.5369,62.4936,64.9,39,81,10.47
23,Saint-Philippe,RE,2022-04-27 16:00:32,-21.3585,55.7679,74.79,80,77,3.44
24,Freeport,US,2022-04-27 16:00:33,40.6576,-73.5832,58.51,39,68,7.0
25,Palauig,PH,2022-04-27 16:00:33,15.435,119.9045,83.34,73,52,5.1
26,Busselton,AU,2022-04-27 16:00:13,-33.65,115.3333,60.57,63,89,9.89
27,Jamestown,US,2022-04-27 15:56:49,42.097,-79.2353,34.52,73,100,16.11
28,Shimoda,JP,2022-04-27 16:00:34,34.6667,138.95,65.1,87,100,14.23
29,Qaanaaq,GL,2022-04-27 16:00:35,77.484,-69.3632,20.23,70,26,5.01
30,Ribeira Grande,PT,2022-04-27 16:00:35,38.5167,-28.7,66.6,88,75,17.27
31,Arraial Do Cabo,BR,2022-04-27 16:00:36,-22.9661,-42.0278,87.66,58,20,16.11
32,Berlevag,NO,2022-04-27 15:57:07,70.8578,29.0864,28.35,74,40,24.16
33,Hobart,AU,2022-04-27 16:00:29,-42.8794,147.3294,58.26,95,75,3.44
34,Ahipara,NZ,2022-04-27 16:00:37,-35.1667,173.1667,60.84,65,72,4.45
35,Rikitea,PF,2022-04-27 15:55:56,-23.1203,-134.9692,77.45,73,61,24.2
36,Cap-Aux-Meules,CA,2022-04-27 16:00:37,47.3821,-61.8597,36.99,99,100,8.86
37,Euclides Da Cunha,BR,2022-04-27 16:00:38,-10.5075,-39.0158,78.01,71,73,9.95
38,Nikolskoye,RU,2022-04-27 16:00:38,59.7035,30.7861,37.87,56,98,5.01
39,Acapulco,MX,2022-04-27 16:00:03,16.8634,-99.8901,86.77,51,7,4.92
40,Ostrovnoy,RU,2022-04-27 16:00:39,68.0531,39.5131,21.51,73,39,19.66
41,Nyurba,RU,2022-04-27 16:00:39,63.2842,118.3319,16.92,96,44,2.64
42,Severo-Kurilsk,RU,2022-04-27 16:00:39,50.6789,156.125,35.64,96,90,4.05
43,Hornepayne,CA,2022-04-27 16:00:40,49.2138,-84.7705,29.3,51,78,8.97
44,Riyadh,SA,2022-04-27 15:56:13,24.6877,46.7219,91.54,25,48,21.52
45,Council Bluffs,US,2022-04-27 15:55:48,41.2619,-95.8608,70.52,38,0,13.8
46,Punta Arenas,CL,2022-04-27 16:01:40,-53.15,-70.9167,42.12,52,10,20.74
47,Beira,MZ,2022-04-27 16:01:41,-19.8436,34.8389,76.39,64,19,15.26
48,Vaini,TO,2022-04-27 16:01:41,-21.2,-175.2,76.66,58,0,19.33
49,San Cristobal,VE,2022-04-27 16:01:41,7.7669,-72.225,71.78,70,100,4.61
50,Kaitangata,NZ,2022-04-27 16:01:00,-46.2817,169.8464,43.83,94,14,5.57
51,Monrovia,LR,2022-04-27 16:01:10,6.3005,-10.7969,91.17,69,81,8.52
52,Ushuaia,AR,2022-04-27 16:01:42,-54.8,-68.3,37.06,81,75,21.85
53,New Norfolk,AU,2022-04-27 16:01:42,-42.7826,147.0587,57.9,87,100,1.01
54,Chenghai,CN,2022-04-27 16:01:42,23.4632,116.768,74.32,88,23,15.73
55,Longyearbyen,SJ,2022-04-27 16:01:43,78.2186,15.6401,4.84,56,75,13.8
56,Hithadhoo,MV,2022-04-27 16:01:43,-0.6,73.0833,84.2,73,100,5.57
57,Sao Filipe,CV,2022-04-27 16:00:34,14.8961,-24.4956,75.22,65,7,10.92
58,Airai,TL,2022-04-27 16:01:43,-8.9266,125.4092,60.57,94,53,1.45
59,Kolondieba,ML,2022-04-27 16:01:44,11.0882,-6.8926,101.73,22,100,1.66
60,Pangnirtung,CA,2022-04-27 16:01:44,66.1451,-65.7125,7.23,65,13,5.73
61,Moba,CN,2022-04-27 16:01:44,33.2288,105.0179,41.56,85,100,7.85
62,Lompoc,US,2022-04-27 16:01:45,34.6391,-120.4579,63.57,93,100,5.75
63,Butaritari,KI,2022-04-27 16:01:45,3.0707,172.7902,81.21,80,10,17.13
64,Qaqortoq,GL,2022-04-27 16:01:46,60.7167,-46.0333,41.38,72,100,3.74
65,Port Alfred,ZA,2022-04-27 15:57:03,-33.5906,26.891,65.17,78,1,1.99
66,Te Anau,NZ,2022-04-27 16:01:46,-45.4167,167.7167,42.85,95,17,1.21
67,Blagoyevo,RU,2022-04-27 16:01:46,63.3667,47.9167,28.22,82,100,6.87
68,Bloemhof,ZA,2022-04-27 16:01:47,-27.6469,25.607,62.13,21,0,6.29
69,Richards Bay,ZA,2022-04-27 16:01:47,-28.783,32.0377,64.69,82,35,4.34
70,Tautira,PF,2022-04-27 16:01:47,-17.7333,-149.15,79.5,81,34,22.5
71,Faya,SA,2022-04-27 16:01:48,18.3851,42.4509,68.43,54,28,9.08
72,Martapura,ID,2022-04-27 16:01:48,-3.4167,114.85,77.09,100,100,3.44
73,Zhigansk,RU,2022-04-27 16:01:48,66.7697,123.3711,7.18,96,18,9.1
74,Cabo San Lucas,MX,2022-04-27 15:57:06,22.8909,-109.9124,82.18,46,0,7.07
75,Mexico,PH,2022-04-27 16:00:11,15.0646,120.7198,79.41,76,71,2.8
76,Bethel,US,2022-04-27 16:00:40,41.3712,-73.414,54.01,57,87,3.0
77,Cape Town,ZA,2022-04-27 15:57:10,-33.9258,18.4232,70.21,62,0,9.22
78,Kaeo,NZ,2022-04-27 16:01:49,-35.1,173.7833,54.32,90,88,5.44
79,Hami,CN,2022-04-27 16:01:49,42.8,93.45,62.46,25,7,6.24
80,Grand Gaube,MU,2022-04-27 16:01:50,-20.0064,57.6608,75.6,80,53,1.99
81,Karratha,AU,2022-04-27 16:01:50,-20.7377,116.8463,79.09,63,99,9.66
82,Atbasar,KZ,2022-04-27 16:01:50,51.8,68.3333,60.42,43,23,8.66
83,Amahai,ID,2022-04-27 16:01:51,-3.3333,128.9167,80.01,84,99,1.86
84,Awbari,LY,2022-04-27 16:01:51,26.5921,12.7805,100.38,5,34,13.71
85,Lebu,CL,2022-04-27 15:57:13,-37.6167,-73.65,53.64,75,90,12.75
86,Padre Paraiso,BR,2022-04-27 16:01:51,-17.0742,-41.4844,79.34,49,26,7.58
87,Alappuzha,IN,2022-04-27 16:01:52,9.49,76.3264,84.22,80,44,7.99
88,Carnarvon,AU,2022-04-27 16:01:52,-24.8667,113.6333,70.65,59,74,13.53
89,La Libertad,EC,2022-04-27 16:01:52,-2.2333,-80.9,75.78,77,50,7.92
90,Santa Cruz,BO,2022-04-27 15:59:53,-17.8,-63.1667,86.05,70,75,28.77
91,Geraldton,AU,2022-04-27 16:01:53,-28.7667,114.6,59.41,88,40,8.05
92,Dikson,RU,2022-04-27 16:00:36,73.5069,80.5464,26.78,91,100,32.77
93,Leningradskiy,RU,2022-04-27 16:01:53,69.3833,178.4167,14.56,92,100,10.09
94,Albany,US,2022-04-27 16:00:26,42.6001,-73.9662,48.58,57,59,4.0
95,Burnie,AU,2022-04-27 16:02:54,-41.0667,145.9167,61.05,91,100,13.13
96,Khatanga,RU,2022-04-27 16:00:23,71.9667,102.5,8.04,88,45,7.83
97,Brokopondo,SR,2022-04-27 16:02:54,4.75,-55.1667,83.7,67,95,1.66
98,Pervomayskoye,RU,2022-04-27 16:02:54,43.919,46.7102,61.09,60,81,12.24
99,Westport,US,2022-04-27 15:59:37,41.1415,-73.3579,57.43,49,77,11.99
100,Qandala,SO,2022-04-27 16:02:55,11.472,49.8728,83.5,70,72,4.79
101,Puerto Colombia,CO,2022-04-27 16:02:55,10.9878,-74.9547,82.94,74,100,11.41
102,Alice Springs,AU,2022-04-27 16:01:22,-23.7,133.8833,65.75,52,17,3.44
103,Talnakh,RU,2022-04-27 16:02:56,69.4865,88.3972,28.78,83,100,23.82
104,Pevek,RU,2022-04-27 16:02:56,69.7008,170.3133,27.03,79,100,14.67
105,Kirakira,SB,2022-04-27 16:02:56,-10.4544,161.9205,80.2,81,99,3.53
106,Margate,GB,2022-04-27 16:01:40,51.3813,1.3862,50.7,65,8,5.01
107,Henties Bay,NA,2022-04-27 16:01:45,-22.116,14.2845,66.13,67,24,9.44
108,Camacha,PT,2022-04-27 16:02:57,33.0833,-16.3333,63.82,59,40,11.5
109,Ust-Karsk,RU,2022-04-27 16:02:57,52.7011,118.8077,29.93,37,22,4.14
110,Mount Isa,AU,2022-04-27 15:58:34,-20.7333,139.5,69.57,83,7,3.44
111,Upernavik,GL,2022-04-27 16:02:58,72.7868,-56.1549,34.57,75,100,8.12
112,Vao,NC,2022-04-27 16:02:58,-22.6667,167.4833,74.14,69,100,20.22
113,Cidreira,BR,2022-04-27 16:02:58,-30.1811,-50.2056,84.38,58,0,7.96
114,Mahebourg,MU,2022-04-27 16:02:59,-20.4081,57.7,75.49,88,40,6.91
115,Basco,PH,2022-04-27 16:02:59,20.4487,121.9702,81.81,81,2,18.57
116,Ojinaga,MX,2022-04-27 16:02:59,29.5667,-104.4167,76.57,60,0,5.75
117,Araouane,ML,2022-04-27 16:03:00,18.9048,-3.5265,93.72,8,0,11.3
118,Bol,TD,2022-04-27 16:03:00,13.4586,14.7147,86.45,52,65,4.88
119,Constitucion,CL,2022-04-27 16:01:55,-35.3333,-72.4167,56.23,76,48,8.99
120,Bambous Virieux,MU,2022-04-27 15:58:15,-20.3428,57.7575,77.25,83,40,3.44
121,Georgetown,MY,2022-04-27 16:02:02,5.4112,100.3354,85.95,79,20,0.0
122,Mabua,PH,2022-04-27 16:03:01,9.8089,125.4422,79.41,84,100,8.79
123,Chokurdakh,RU,2022-04-27 16:03:01,70.6333,147.9167,12.36,96,100,8.14
124,Portland,US,2022-04-27 16:00:56,45.5234,-122.6762,49.14,87,75,5.01
125,Grand Baie,MU,2022-04-27 16:01:45,-20.0182,57.5802,75.67,80,60,1.99
126,Chumikan,RU,2022-04-27 16:03:02,54.7183,135.315,28.49,85,100,13.87
127,Hermanus,ZA,2022-04-27 16:01:49,-34.4187,19.2345,69.8,66,20,3.65
128,East London,ZA,2022-04-27 16:03:03,-33.0153,27.9116,65.91,72,1,15.08
129,Lagos,NG,2022-04-27 16:01:17,6.5833,3.75,83.59,73,100,8.46
130,Lady Frere,ZA,2022-04-27 16:01:17,-31.7031,27.2329,54.82,48,0,3.47
131,Harrisonburg,US,2022-04-27 16:00:28,38.4496,-78.8689,59.16,37,0,8.05
132,Ulagan,RU,2022-04-27 16:03:04,50.6321,87.9563,30.52,87,57,0.98
133,Polson,US,2022-04-27 16:03:04,47.6936,-114.1632,44.73,61,75,3.0
134,Sal Rei,CV,2022-04-27 16:03:04,16.1833,-22.9167,75.4,60,40,20.71
135,Saskylakh,RU,2022-04-27 16:03:05,71.9167,114.0833,4.39,99,89,2.89
136,Kungurtug,RU,2022-04-27 16:03:06,50.5994,97.5228,32.13,66,63,1.99
137,Hilo,US,2022-04-27 16:03:25,19.7297,-155.09,71.28,92,100,1.01
138,Koumac,NC,2022-04-27 16:04:06,-20.5667,164.2833,72.39,80,99,6.2
139,Sept-Iles,CA,2022-04-27 16:02:37,50.2001,-66.3821,39.33,99,99,6.08
140,Kampot,KH,2022-04-27 16:04:07,10.6167,104.1833,80.65,80,4,4.88
141,Misratah,LY,2022-04-27 16:04:08,32.3754,15.0925,68.29,64,54,22.68
142,Porto Santo,PT,2022-04-27 16:04:08,33.072,-16.3415,66.58,59,40,11.5
143,Brae,GB,2022-04-27 16:04:08,60.3964,-1.353,45.32,63,55,9.28
144,Pergamino,AR,2022-04-27 16:00:20,-33.89,-60.5736,65.17,24,0,12.73
145,Sitges,ES,2022-04-27 16:04:09,41.2351,1.8119,71.87,50,100,9.17
146,Santa Rosa,PH,2022-04-27 16:04:09,14.3122,121.1114,84.11,75,100,10.18
147,Sao Borja,BR,2022-04-27 16:04:10,-28.6606,-56.0044,90.95,59,23,16.31
148,Xiongzhou,CN,2022-04-27 16:04:10,25.1167,114.3,75.74,89,61,1.83
149,Tosya,TR,2022-04-27 16:04:10,41.0155,34.0401,64.58,53,100,5.66
150,Santa Barbara,US,2022-04-27 16:02:42,34.7333,-120.0343,58.33,87,100,0.0
151,Faanui,PF,2022-04-27 16:04:11,-16.4833,-151.75,81.45,73,5,20.92
152,Komsomolskiy,UZ,2022-04-27 16:04:12,40.4272,71.7189,66.92,63,0,6.91
153,Ryotsu,JP,2022-04-27 16:04:12,38.0833,138.4333,46.87,67,36,0.51
154,Barrow,US,2022-04-27 16:04:12,71.2906,-156.7887,5.02,85,100,11.5
155,Thompson,CA,2022-04-27 16:04:13,55.7435,-97.8558,35.73,62,18,9.08
156,Roma,US,2022-04-27 16:02:56,43.2128,-75.4557,44.96,57,75,21.0
157,Drayton Valley,CA,2022-04-27 16:01:28,53.2168,-114.9854,35.65,98,100,18.25
158,Ust-Ilimsk,RU,2022-04-27 16:04:13,58.0006,102.6619,21.79,97,49,1.99
159,Hasaki,JP,2022-04-27 16:04:14,35.7333,140.8333,64.8,69,100,26.26
160,Ponta Do Sol,PT,2022-04-27 16:04:14,32.6667,-17.1,67.71,72,21,3.58
161,Tarbes,FR,2022-04-27 16:04:15,43.25,0.1667,63.07,77,75,8.05
162,Broome,US,2022-04-27 16:04:15,42.2506,-75.833,41.7,68,100,12.66
163,Port Elizabeth,ZA,2022-04-27 16:03:23,-33.918,25.5701,66.09,85,0,3.0
164,Codrington,AU,2022-04-27 16:04:15,-38.2667,141.9667,61.81,81,100,8.52
165,Ornskoldsvik,SE,2022-04-27 16:04:16,63.2909,18.7153,38.35,35,75,10.36
166,Lavrentiya,RU,2022-04-27 16:04:16,65.5833,-171.0,9.23,97,56,5.82
167,Sakakah,SA,2022-04-27 16:04:17,29.9697,40.2064,84.22,19,6,3.65
168,Owensboro,US,2022-04-27 16:01:08,37.7742,-87.1133,62.98,48,7,0.56
169,Sitka,US,2022-04-27 16:04:17,57.0531,-135.33,41.52,85,100,0.69
170,Padang,ID,2022-04-27 16:04:17,-0.9492,100.3543,80.13,88,94,2.55
171,Lichuan,CN,2022-04-27 16:04:18,30.3,108.85,61.09,95,66,4.72
172,Katsuura,JP,2022-04-27 16:04:18,35.1333,140.3,62.71,82,100,28.9
173,Suntar,RU,2022-04-27 16:04:19,62.1444,117.6319,24.64,97,94,2.75
174,Razole,IN,2022-04-27 16:04:19,16.4833,81.8333,82.33,81,6,7.47
175,Kidal,ML,2022-04-27 16:04:19,18.4411,1.4078,95.54,10,1,16.96
176,Vardo,NO,2022-04-27 16:04:20,70.3705,31.1107,24.78,93,20,21.85
177,San Policarpo,PH,2022-04-27 16:04:20,12.1791,125.5072,81.73,84,100,14.0
178,Agirish,RU,2022-04-27 16:04:21,61.9247,63.0231,37.02,97,84,2.66
179,Sao Felix Do Xingu,BR,2022-04-27 16:04:21,-6.6447,-51.995,85.75,64,100,3.98
180,Rio Gallegos,AR,2022-04-27 16:01:45,-51.6226,-69.2181,42.89,64,66,23.35
181,Gazanjyk,TM,2022-04-27 16:04:21,39.2446,55.5154,75.02,33,100,11.48
182,Ixtapa,MX,2022-04-27 16:04:22,20.7,-105.2,78.03,65,0,2.3
183,Stornoway,GB,2022-04-27 16:04:23,58.2093,-6.3865,56.03,63,75,5.75
184,Plettenberg Bay,ZA,2022-04-27 16:05:23,-34.0527,23.3716,61.18,83,0,5.55
185,Jalu,LY,2022-04-27 16:05:24,29.0331,21.5482,94.59,8,100,19.57
186,Bengkulu,ID,2022-04-27 16:03:56,-3.8004,102.2655,77.23,90,100,4.21
187,Camocim,BR,2022-04-27 16:05:24,-2.9022,-40.8411,85.89,67,82,10.92
188,Jumla,NP,2022-04-27 16:05:25,29.2747,82.1838,55.06,46,11,4.88
189,Anadyr,RU,2022-04-27 16:01:14,64.75,177.4833,28.0,92,100,15.01
190,Tual,ID,2022-04-27 16:01:49,-5.6667,132.75,84.69,71,99,10.63
191,Lujan,AR,2022-04-27 16:05:25,-34.5703,-59.105,67.01,39,0,9.95
192,Havre-Saint-Pierre,CA,2022-04-27 16:05:26,50.2334,-63.5986,41.36,81,100,8.05
193,Mount Gambier,AU,2022-04-27 16:05:26,-37.8333,140.7667,60.71,88,100,4.61
194,Kudahuvadhoo,MV,2022-04-27 16:05:26,2.6708,72.8944,84.38,71,78,4.63
195,Las Vegas,US,2022-04-27 16:03:25,36.175,-115.1372,78.24,21,0,13.8
196,Takoradi,GH,2022-04-27 16:05:27,4.8845,-1.7554,84.36,71,55,11.86
197,Pryazha,RU,2022-04-27 16:05:27,61.6926,33.6216,33.03,80,100,4.61
198,Ilulissat,GL,2022-04-27 16:05:28,69.2167,-51.1,42.82,56,75,6.91
199,Nyzhni Sirohozy,UA,2022-04-27 16:05:28,46.8484,34.3804,61.95,54,3,7.67
200,Shahr-E Kord,IR,2022-04-27 16:05:29,32.3256,50.8644,55.17,50,20,6.91
201,Dubrovka,RU,2022-04-27 16:05:29,53.6907,33.5071,47.89,68,69,7.54
202,Itarema,BR,2022-04-27 16:05:29,-2.9248,-39.9167,84.49,69,98,12.71
203,Guerrero Negro,MX,2022-04-27 16:05:30,27.9769,-114.0611,65.21,67,1,12.66
204,Sembe,CG,2022-04-27 16:05:30,1.6481,14.5806,76.66,87,99,2.86
205,Souillac,MU,2022-04-27 16:05:30,-20.5167,57.5167,75.58,88,40,6.91
206,Victoria,HK,2022-04-27 16:05:31,22.2855,114.1577,84.18,86,2,8.01
207,Clyde River,CA,2022-04-27 16:05:31,70.4692,-68.5914,9.34,85,100,8.99
208,Quatre Cocos,MU,2022-04-27 16:05:31,-20.2078,57.7625,75.31,80,79,6.64
209,Coulommiers,FR,2022-04-27 16:05:32,48.8145,3.085,66.38,62,96,8.75
210,Cortez,US,2022-04-27 16:05:32,37.3489,-108.5859,68.76,24,0,10.36
211,Isangel,VU,2022-04-27 16:05:32,-19.55,169.2667,76.78,68,98,14.18
212,Chernyshevskiy,RU,2022-04-27 16:05:33,63.0128,112.4714,13.32,96,20,3.4
213,Mackay,AU,2022-04-27 16:05:33,-21.15,149.2,73.69,85,15,14.61
214,Ewa Beach,US,2022-04-27 16:05:33,21.3156,-158.0072,73.35,77,100,5.75
215,Oranjemund,NA,2022-04-27 16:02:43,-28.55,16.4333,66.36,52,0,4.63
216,Turbat,PK,2022-04-27 16:05:34,26.0023,63.044,92.46,28,89,12.71
217,Eureka,US,2022-04-27 16:05:34,40.8021,-124.1637,52.57,85,15,5.01
218,Karakol,KG,2022-04-27 16:05:35,42.4907,78.3936,41.23,88,100,5.08
219,Bonavista,CA,2022-04-27 16:05:35,48.6499,-53.1147,38.75,83,100,7.31
220,Griffith,US,2022-04-27 16:05:35,41.5284,-87.4237,48.09,67,100,13.8
221,Provideniya,RU,2022-04-27 16:00:40,64.3833,-173.3,25.81,91,56,7.09
222,Flinders,AU,2022-04-27 16:05:36,-34.5833,150.8552,64.38,93,95,7.0
223,Broken Hill,AU,2022-04-27 16:05:36,-31.95,141.4333,63.75,70,94,5.73
224,Santiago Del Estero,AR,2022-04-27 16:05:36,-27.7951,-64.2615,68.31,43,100,17.63
225,Meulaboh,ID,2022-04-27 16:05:37,4.1363,96.1285,79.27,86,98,2.93
226,Vila Praia De Ancora,PT,2022-04-27 16:05:37,41.811,-8.8526,64.11,73,16,7.49
227,Brewster,US,2022-04-27 16:05:37,41.3973,-73.6171,54.27,55,100,14.97
228,Mekhe,SN,2022-04-27 16:05:38,15.1097,-16.6218,89.19,27,4,16.22
229,San Patricio,US,2022-04-27 16:05:38,28.017,-97.5169,78.69,58,11,13.82
230,Hamilton,US,2022-04-27 16:04:41,39.1834,-84.5333,55.22,53,0,10.36
231,Cherskiy,RU,2022-04-27 16:05:38,68.75,161.3,15.17,92,100,1.45
232,Narsaq,GL,2022-04-27 16:06:39,60.9167,-46.05,46.62,64,100,2.24
233,Turukhansk,RU,2022-04-27 16:06:39,65.8167,87.9833,33.51,78,92,18.92
234,Lorengau,PG,2022-04-27 16:06:39,-2.0226,147.2712,82.65,78,45,11.83
235,Sorland,NO,2022-04-27 16:06:40,67.667,12.6934,34.7,70,99,14.56
236,Namatanai,PG,2022-04-27 16:06:40,-3.6667,152.4333,80.08,82,73,8.46
237,Kalashnikovo,RU,2022-04-27 16:06:40,57.2824,35.2262,38.28,66,91,5.19
238,Norman Wells,CA,2022-04-27 16:06:41,65.282,-126.8329,33.17,86,100,4.52
239,Saint Anthony,US,2022-04-27 16:06:41,45.0205,-93.218,39.92,46,0,13.8
240,Tornio,FI,2022-04-27 16:06:42,65.8481,24.1466,32.02,63,64,11.18
241,Tuatapere,NZ,2022-04-27 16:06:42,-46.1333,167.6833,45.14,93,3,3.29
242,Ulladulla,AU,2022-04-27 16:06:42,-35.35,150.4667,60.76,93,97,5.3
243,Elliot Lake,CA,2022-04-27 16:06:43,46.3834,-82.6331,34.88,35,98,11.03
244,Abu Dhabi,AE,2022-04-27 16:03:06,24.4667,54.3667,83.97,63,56,7.85
245,Bonthe,SL,2022-04-27 16:06:43,7.5264,-12.505,84.69,68,88,10.11
246,Oktyabrskoye,RU,2022-04-27 16:06:44,43.0645,44.7417,69.35,49,75,13.42
247,Humboldt,US,2022-04-27 16:06:44,40.6665,-123.9178,43.5,67,39,4.54
248,Kruisfontein,ZA,2022-04-27 16:06:44,-34.0033,24.7314,63.88,55,0,6.22
249,Homer,US,2022-04-27 16:06:44,59.6425,-151.5483,37.29,87,0,4.61
250,Kavaratti,IN,2022-04-27 16:06:45,10.5669,72.642,85.48,74,21,5.82
251,Dalvik,IS,2022-04-27 16:06:45,65.9702,-18.5286,40.69,84,99,2.42
252,Beisfjord,NO,2022-04-27 16:06:45,68.3751,17.5988,32.05,89,100,8.43
253,Along,IN,2022-04-27 16:06:46,28.1667,94.7667,66.36,80,51,2.21
254,Tuktoyaktuk,CA,2022-04-27 16:06:46,69.4541,-133.0374,8.24,99,99,5.91
255,Shimanovsk,RU,2022-04-27 16:06:46,52.0,127.7,33.42,62,85,4.85
256,Zholymbet,KZ,2022-04-27 16:06:47,51.7433,71.7122,58.28,46,98,10.22
257,Ahuimanu,US,2022-04-27 16:06:47,21.4447,-157.8378,73.11,86,100,9.22
258,Khandyga,RU,2022-04-27 16:06:47,62.6667,135.6,6.82,97,27,1.21
259,Mus,TR,2022-04-27 16:06:48,39.0,41.75,56.37,73,83,4.99
260,Nokaneng,BW,2022-04-27 16:06:48,-19.6667,22.2667,77.4,39,74,6.55
261,Ancud,CL,2022-04-27 16:06:48,-41.8697,-73.8203,48.88,62,59,20.15
262,Yima,CN,2022-04-27 16:06:49,34.7381,111.8839,58.01,33,73,7.11
263,Castro,BR,2022-04-27 16:06:49,-24.7911,-50.0119,78.78,49,3,9.98
264,Curvelo,BR,2022-04-27 16:06:49,-18.7564,-44.4308,87.19,29,0,8.32
265,Magrath,CA,2022-04-27 16:06:50,49.4167,-112.8686,46.78,31,11,21.9
266,Kalemie,CD,2022-04-27 16:06:50,-5.9475,29.1947,73.78,81,86,5.41
267,Torbay,CA,2022-04-27 16:06:50,47.6666,-52.7314,47.75,83,100,6.11
268,Hobyo,SO,2022-04-27 16:06:51,5.3505,48.5268,84.31,71,98,13.76
269,Mitsamiouli,KM,2022-04-27 16:03:25,-11.3847,43.2844,81.95,77,96,10.96
270,Damghan,IR,2022-04-27 16:06:51,36.1683,54.348,64.6,54,87,5.57
271,Dingle,PH,2022-04-27 16:06:51,10.9995,122.6711,78.4,87,94,6.67
272,Weymouth,US,2022-04-27 16:06:52,42.2209,-70.9398,57.92,58,100,16.11
273,Buraydah,SA,2022-04-27 16:06:52,26.326,43.975,87.6,21,37,11.1
274,Bereda,ES,2022-04-27 16:06:52,43.2686,-7.5406,59.14,70,83,2.44
275,Jati,PK,2022-04-27 16:06:52,24.3539,68.2671,87.96,43,0,13.09
276,Fortuna,US,2022-04-27 16:06:53,40.5982,-124.1573,51.93,84,40,11.5
277,Walvis Bay,NA,2022-04-27 16:06:53,-22.9575,14.5053,66.09,51,5,18.07
278,Cruzeiro Do Sul,BR,2022-04-27 16:06:53,-29.5128,-51.9853,94.51,56,0,9.69
279,Aklavik,CA,2022-04-27 16:07:54,68.2191,-135.0107,19.96,93,100,7.85
280,Ozernovskiy,RU,2022-04-27 16:07:54,51.5,156.5167,36.79,86,100,15.46
281,Los Llanos De Aridane,ES,2022-04-27 16:07:54,28.6585,-17.9182,65.95,74,75,12.66
282,Guaymas,MX,2022-04-27 16:07:55,27.9333,-110.9,80.89,53,0,0.0
283,Leh,IN,2022-04-27 16:07:55,34.1667,77.5833,48.45,28,2,5.59
284,Aksehir,TR,2022-04-27 16:07:56,38.3575,31.4164,64.85,52,94,3.65
285,Thinadhoo,MV,2022-04-27 16:07:56,0.5333,72.9333,84.13,73,100,4.54
286,Mecca,SA,2022-04-27 16:07:56,21.4267,39.8261,92.7,30,4,17.94
287,Puksoozero,RU,2022-04-27 16:07:56,62.5903,40.6066,24.58,73,64,9.13
288,Kodinsk,RU,2022-04-27 16:07:57,58.6881,99.1844,24.12,95,40,0.94
289,Bongandanga,CD,2022-04-27 16:07:57,1.5,21.05,77.83,85,91,1.77
290,Bilibino,RU,2022-04-27 16:07:58,68.0546,166.4372,10.72,97,100,4.54
291,Cam Ranh,VN,2022-04-27 16:07:58,11.9214,109.1591,82.36,83,20,2.3
292,Yulara,AU,2022-04-27 16:07:58,-25.2406,130.9889,69.64,40,40,0.0
293,Dezhou,CN,2022-04-27 16:07:59,37.4486,116.2925,54.75,23,85,14.05
294,Kyren,RU,2022-04-27 16:07:59,51.6828,102.1408,34.36,84,89,4.54
295,Port Hardy,CA,2022-04-27 16:04:03,50.6996,-127.4199,42.13,80,10,6.76
296,Semirom,IR,2022-04-27 16:08:00,31.4167,51.5667,52.0,57,55,5.93
297,Ravenna,IT,2022-04-27 16:08:00,44.4167,11.9833,68.61,51,8,6.91
298,Zhenhai,CN,2022-04-27 16:08:00,24.2582,118.0905,70.48,90,100,15.28
299,Zyryanka,RU,2022-04-27 16:08:01,65.75,150.85,16.72,95,100,9.48
300,Tuy Hoa,VN,2022-04-27 16:08:01,13.0833,109.3,78.17,94,27,3.18
301,Prachuap Khiri Khan,TH,2022-04-27 16:07:51,12.2167,99.75,77.9,79,9,3.22
302,Auki,SB,2022-04-27 16:08:01,-8.7676,160.7034,77.27,86,84,3.6
303,Pecos,US,2022-04-27 16:08:02,31.4229,-103.4932,70.63,56,0,9.22
304,Haines Junction,CA,2022-04-27 16:08:02,60.7522,-137.5108,36.66,82,83,3.44
305,Port Hedland,AU,2022-04-27 16:08:03,-20.3167,118.5667,77.05,78,100,5.75
306,Ipswich,GB,2022-04-27 16:08:03,52.0592,1.1555,52.56,55,75,10.36
307,Nishihara,JP,2022-04-27 16:08:03,26.1842,127.7558,76.68,94,100,10.36
308,West Wendover,US,2022-04-27 16:03:14,40.7391,-114.0733,58.46,38,94,3.22
309,Tulsipur,NP,2022-04-27 16:08:04,28.131,82.2973,80.04,15,0,6.17
310,Hokota,JP,2022-04-27 16:08:05,36.15,140.5167,64.8,74,100,15.1
311,Verkhnevilyuysk,RU,2022-04-27 16:08:05,63.4453,120.3167,17.1,97,95,0.67
312,Raga,SS,2022-04-27 16:08:09,8.4596,25.678,96.73,21,93,6.71
313,College,US,2022-04-27 16:08:09,64.8569,-147.8028,39.15,74,75,4.61
314,Saldanha,ZA,2022-04-27 16:08:10,-33.0117,17.9442,60.17,73,9,13.06
315,Berdigestyakh,RU,2022-04-27 16:08:10,62.0989,126.6992,12.25,98,68,4.05
316,Obihiro,JP,2022-04-27 16:08:11,42.9172,143.2044,44.87,42,3,20.15
317,Avarua,CK,2022-04-27 16:08:11,-21.2078,-159.775,75.25,94,75,4.61
318,Belmonte,BR,2022-04-27 16:08:12,-15.8631,-38.8828,81.52,73,84,7.92
319,Maralal,KE,2022-04-27 16:08:13,1.0968,36.698,61.97,82,100,3.42
320,Newport,GB,2022-04-27 16:08:13,51.5877,-2.9984,54.99,59,100,12.57
321,Camana,PE,2022-04-27 16:08:14,-16.6228,-72.7111,69.93,79,89,10.25
322,Stargard Szczecinski,PL,2022-04-27 16:05:08,53.3367,15.0499,61.14,19,82,11.99
323,Kastamonu,TR,2022-04-27 16:09:14,41.5,33.6667,57.9,78,91,5.86
324,Shache,CN,2022-04-27 16:09:15,38.4167,77.2406,69.12,24,93,4.18
325,Filingue,NE,2022-04-27 16:09:15,14.3521,3.3168,104.61,9,4,5.17
326,Coahuayana,MX,2022-04-27 16:09:16,18.7333,-103.6833,88.14,37,0,4.92
327,Sobolevo,RU,2022-04-27 16:09:16,54.4299,31.8996,46.38,67,76,6.44
328,Tasiilaq,GL,2022-04-27 16:09:17,65.6145,-37.6368,33.6,76,100,5.17
329,Quelimane,MZ,2022-04-27 16:09:17,-17.8786,36.8883,74.98,70,100,12.08
330,Divnoye,RU,2022-04-27 16:09:18,45.9089,43.3547,68.58,60,35,16.02
331,Anzio,IT,2022-04-27 16:09:18,41.4853,12.6179,74.7,66,8,10.58
332,Kaiyuan,CN,2022-04-27 16:09:18,23.6977,103.3037,70.11,42,0,5.64
333,Saint-Paul,RE,2022-04-27 16:09:19,-21.0096,55.2707,75.31,78,12,4.52
334,Mar Del Plata,AR,2022-04-27 16:04:22,-38.0023,-57.5575,60.87,66,0,11.99
335,Darnah,LY,2022-04-27 16:09:19,32.767,22.6367,67.06,57,16,6.31
336,Loiza,PR,2022-04-27 16:09:20,18.4313,-65.8802,82.81,63,20,14.97
337,Itoman,JP,2022-04-27 16:09:20,26.1247,127.6694,77.4,94,100,10.36
338,Shakiso,ET,2022-04-27 16:09:21,5.75,38.9167,61.47,94,97,2.93
339,Seymchan,RU,2022-04-27 16:09:21,62.8833,152.4333,8.53,93,90,5.17
340,Lasa,IT,2022-04-27 16:09:23,46.6166,10.7002,60.37,56,10,3.11
341,Abu Samrah,SY,2022-04-27 16:09:23,35.3029,37.1841,79.66,25,21,12.68
342,Vrangel,RU,2022-04-27 16:09:24,42.7297,133.0839,44.04,64,54,5.53
343,Oyama,JP,2022-04-27 16:09:24,36.3,139.8,62.4,60,100,7.23
344,Cayenne,GF,2022-04-27 16:09:24,4.9333,-52.3333,87.84,1,40,9.22
345,La Palma,US,2022-04-27 16:09:25,33.8464,-118.0467,66.18,73,75,9.22
346,Port Hope,US,2022-04-27 16:04:51,43.9408,-82.7127,30.81,74,99,14.97
347,Kawalu,ID,2022-04-27 16:09:25,-7.3817,108.2082,74.08,96,100,1.99
348,Buritizeiro,BR,2022-04-27 16:09:26,-17.3511,-44.9622,90.19,25,1,5.23
349,Lata,PT,2022-04-27 16:09:26,40.1629,-8.3327,61.81,56,70,11.74
350,Olafsvik,IS,2022-04-27 16:09:26,64.8945,-23.7142,43.36,70,59,2.91
351,Merauke,ID,2022-04-27 16:09:27,-8.4667,140.3333,79.39,86,97,7.78
352,Fukue,JP,2022-04-27 16:09:27,32.6881,128.8419,61.72,76,100,24.14
353,Muli,MV,2022-04-27 16:09:27,2.9167,73.5667,84.22,72,96,4.45
354,Hambantota,LK,2022-04-27 16:06:17,6.1241,81.1185,82.74,100,20,0.0
355,Kahului,US,2022-04-27 16:08:34,20.8947,-156.47,73.85,82,40,11.01
356,Whyalla,AU,2022-04-27 16:09:28,-33.0333,137.5833,67.89,73,100,10.36
357,Husavik,IS,2022-04-27 16:09:28,66.0449,-17.3389,40.3,77,99,1.68
358,Baykit,RU,2022-04-27 16:09:29,61.67,96.37,25.38,92,62,1.25
359,Biak,ID,2022-04-27 16:09:29,-0.9131,122.8766,77.0,85,97,2.86
360,Lishu,CN,2022-04-27 16:09:29,43.3047,124.3278,46.89,22,98,6.67
361,Belyy,RU,2022-04-27 16:09:30,55.8402,32.9419,44.67,53,97,7.52
362,Kloulklubed,PW,2022-04-27 16:09:30,7.0419,134.2556,75.7,78,100,15.55
363,Mollendo,PE,2022-04-27 16:09:30,-17.0231,-72.0147,68.18,81,99,9.33
364,Qianguo,CN,2022-04-27 16:09:31,45.1171,124.8568,46.13,22,100,5.55
365,Fairbanks,US,2022-04-27 16:09:03,64.8378,-147.7164,39.16,74,0,4.61
366,Sulangan,PH,2022-04-27 16:09:31,11.1373,123.7228,82.78,78,100,14.54
367,Zhangjiakou,CN,2022-04-27 16:10:32,40.81,114.8794,39.78,96,100,0.85
368,Wagrowiec,PL,2022-04-27 16:10:32,52.8084,17.1996,62.67,47,99,3.38
369,Boende,CD,2022-04-27 16:10:32,-0.2167,20.8667,76.46,90,83,0.69
370,Plock,PL,2022-04-27 16:10:33,52.5468,19.7064,55.49,57,94,3.31
371,Bilma,NE,2022-04-27 16:10:33,18.6853,12.9164,103.64,6,3,11.43
372,Ghanzi,BW,2022-04-27 16:10:33,-21.5667,21.7833,77.72,28,34,8.39
373,Balaipungut,ID,2022-04-27 16:07:29,1.05,101.2833,76.28,97,80,2.95
374,Lagoa,PT,2022-04-27 16:10:34,39.05,-27.9833,62.08,93,92,28.54
375,Namibe,AO,2022-04-27 16:10:34,-15.1961,12.1522,74.59,70,20,7.11
376,Omboue,GA,2022-04-27 16:10:34,-1.5746,9.2618,78.6,81,98,4.36
377,Gizo,SB,2022-04-27 16:10:35,-8.103,156.8419,82.56,76,100,9.26
378,Vostok,RU,2022-04-27 16:10:35,46.4856,135.8833,27.97,80,82,10.87
379,Jasdan,IN,2022-04-27 16:10:35,22.0333,71.2,93.63,12,0,11.41
380,Bucerias,MX,2022-04-27 16:06:22,20.75,-105.3333,78.78,65,0,2.3
381,Voyvozh,RU,2022-04-27 16:10:36,62.892,54.9635,33.22,94,96,3.31
382,Yining,CN,2022-04-27 16:10:36,29.0361,114.5636,68.63,96,75,1.54
383,Santa Maria,BR,2022-04-27 16:10:36,-29.6842,-53.8069,86.43,62,1,15.9
384,Oga,IT,2022-04-27 16:10:37,46.4631,10.347,52.97,64,14,3.53
385,Beruwala,LK,2022-04-27 16:10:37,6.4788,79.9828,81.75,81,90,5.28
386,Loa Janan,ID,2022-04-27 16:07:24,-0.583,117.095,74.41,97,100,1.39
387,Nurma,RU,2022-04-27 16:10:37,59.55,31.0167,34.47,49,93,6.02
388,Salta,AR,2022-04-27 16:10:38,-24.7859,-65.4117,80.02,34,100,3.78
389,Nalut,LY,2022-04-27 16:10:38,30.3333,10.85,92.32,9,0,6.22
390,La Rioja,ES,2022-04-27 16:10:38,42.25,-2.5,47.98,72,100,1.81
391,Sinop,TR,2022-04-27 16:10:39,41.7711,34.8709,55.58,76,74,3.09
392,Gisenyi,RW,2022-04-27 16:10:39,-1.7028,29.2564,67.12,85,100,3.15
393,Grindavik,IS,2022-04-27 16:10:39,63.8424,-22.4338,46.87,66,100,5.75
394,Chimay,BE,2022-04-27 16:10:40,50.0486,4.3171,61.23,56,85,10.0
395,Touros,BR,2022-04-27 16:08:48,-5.1989,-35.4608,85.89,65,100,13.51
396,Blairmore,CA,2022-04-27 16:10:40,49.6,-114.4353,40.53,47,21,11.61
397,Cheremukhovo,RU,2022-04-27 16:10:40,60.3484,59.9851,41.36,94,62,1.05
398,Glebychevo,RU,2022-04-27 16:10:41,60.4387,28.7183,35.64,60,70,10.47
399,Saint-Leu,RE,2022-04-27 16:10:41,-21.15,55.2833,74.26,77,21,3.47
400,Aburi,GH,2022-04-27 16:10:41,5.8472,-0.1775,86.02,53,100,14.74
401,Zaysan,KZ,2022-04-27 16:10:42,47.4667,84.8667,50.41,32,4,6.82
402,Atambua,ID,2022-04-27 16:10:42,-9.1061,124.8925,72.79,88,32,1.7
403,Kendari,ID,2022-04-27 16:10:42,-3.945,122.4989,75.43,93,99,3.42
404,Chipinge,ZW,2022-04-27 16:10:43,-20.1883,32.6236,57.76,85,81,2.89
405,Raudeberg,NO,2022-04-27 16:10:43,61.9875,5.1352,43.47,64,100,7.92
406,Villaviciosa,ES,2022-04-27 16:07:38,43.4813,-5.4357,62.01,74,65,4.72
407,Gunjur,GM,2022-04-27 16:10:43,13.2019,-16.7339,95.07,36,0,6.91
408,Chuy,UY,2022-04-27 16:10:44,-33.6971,-53.4616,64.24,90,100,8.14
409,Almaznyy,RU,2022-04-27 16:10:44,48.0448,40.045,61.3,57,24,11.9
410,Melfi,IT,2022-04-27 16:10:44,40.9965,15.6514,62.87,66,10,11.99
411,Antofagasta,CL,2022-04-27 16:07:12,-23.65,-70.4,72.21,49,42,10.38
412,Praia Da Vitoria,PT,2022-04-27 16:10:45,38.7333,-27.0667,66.76,91,96,21.94
413,Taoudenni,ML,2022-04-27 16:05:58,22.6783,-3.9836,95.13,9,0,10.27
414,Paita,PE,2022-04-27 16:10:45,-5.0892,-81.1144,72.91,73,25,9.42
415,Suzhou,CN,2022-04-27 16:10:59,31.3114,120.6181,55.08,68,87,7.4
416,Ostashkov,RU,2022-04-27 16:11:46,57.1467,33.1075,40.33,54,95,6.93
417,Eyl,SO,2022-04-27 16:11:46,7.9803,49.8164,83.73,72,100,10.54
418,Yola,NG,2022-04-27 16:11:46,9.2,12.4833,99.79,26,54,11.65
419,Nome,US,2022-04-27 16:11:47,64.5011,-165.4064,26.67,93,0,0.0
420,Honningsvag,NO,2022-04-27 16:11:47,70.9821,25.9704,28.15,86,75,28.77
421,Tucuma,BR,2022-04-27 16:11:47,-0.1833,-50.05,79.48,86,89,5.1
422,Rawson,AR,2022-04-27 16:11:48,-43.3002,-65.1023,50.36,35,84,5.99
423,Stutterheim,ZA,2022-04-27 16:11:48,-32.5708,27.424,52.63,75,0,5.12
424,Alekseyevsk,RU,2022-04-27 16:11:48,57.8406,108.3492,32.14,91,100,10.96
425,Lucena,PH,2022-04-27 16:11:45,13.9314,121.6172,80.1,89,100,8.21
426,Tucuman,AR,2022-04-27 16:07:50,-26.8241,-65.2226,64.4,68,100,6.91
427,Okha,RU,2022-04-27 16:11:29,53.5739,142.9478,25.86,88,100,32.39
428,Teguldet,RU,2022-04-27 16:11:49,57.3064,88.1667,38.1,92,95,4.03
429,Kamenka,RU,2022-04-27 16:11:50,51.3223,42.7678,58.75,69,81,12.95
430,Sur,OM,2022-04-27 16:11:50,22.5667,59.5289,90.41,43,9,5.01
431,Buin,CL,2022-04-27 16:10:17,-33.7333,-70.75,64.06,65,72,5.23
432,Launceston,AU,2022-04-27 16:11:50,-41.45,147.1667,61.34,97,75,8.05
433,Puerto Escondido,MX,2022-04-27 16:11:51,15.85,-97.0667,86.83,79,0,6.91
434,Carutapera,BR,2022-04-27 16:11:51,-1.195,-46.02,76.98,93,99,5.55
435,Point Pleasant,US,2022-04-27 16:11:51,40.0832,-74.0682,56.97,42,75,13.8
436,Yar-Sale,RU,2022-04-27 16:11:52,66.8333,70.8333,21.65,85,17,9.35
437,Beringovskiy,RU,2022-04-27 16:07:32,63.05,179.3167,30.79,99,100,4.79
438,Palmerston,AU,2022-04-27 16:11:52,-12.486,130.9833,82.38,84,100,3.44
439,Harper,LR,2022-04-27 16:11:52,4.375,-7.7169,82.42,79,100,8.08
440,Aksarka,RU,2022-04-27 16:11:53,66.5606,67.7975,20.61,85,7,8.97
441,Magdagachi,RU,2022-04-27 16:11:53,53.45,125.8,27.36,53,16,3.91
442,Havoysund,NO,2022-04-27 16:11:53,70.9963,24.6622,28.63,76,100,28.01
443,Kokopo,PG,2022-04-27 16:11:54,-4.352,152.2633,77.72,85,84,2.37
444,Dokka,NO,2022-04-27 16:11:54,60.84,10.0618,45.32,56,98,3.04
445,Shizunai,JP,2022-04-27 16:11:54,42.3339,142.3669,45.14,62,1,21.43
446,Muisne,EC,2022-04-27 16:11:55,0.6,-80.0333,79.61,79,96,6.51
447,Paamiut,GL,2022-04-27 16:11:55,61.994,-49.6678,33.93,97,100,26.06
448,Macamic,CA,2022-04-27 16:11:55,48.7502,-78.9996,29.73,52,100,14.7
449,Kitimat,CA,2022-04-27 16:11:56,54.0524,-128.6534,40.91,27,84,1.77
450,Hualmay,PE,2022-04-27 16:11:56,-11.0964,-77.6139,70.79,77,90,7.45
451,Najran,SA,2022-04-27 16:11:56,17.4924,44.1277,84.63,17,48,13.91
452,Leshukonskoye,RU,2022-04-27 16:11:56,64.8989,45.7622,22.66,78,67,8.86
453,Mount Pleasant,US,2022-04-27 16:11:57,32.7941,-79.8626,72.99,46,75,11.5
454,Tura,IN,2022-04-27 16:11:57,25.5198,90.2201,74.43,81,0,7.0
455,Linqiong,CN,2022-04-27 16:11:57,30.4159,103.4609,69.62,88,100,8.28
456,Areosa,PT,2022-04-27 16:11:58,41.7178,-8.8571,59.99,74,15,8.03
457,Alyangula,AU,2022-04-27 16:11:58,-13.8483,136.4192,81.12,79,84,5.48
458,Jining,CN,2022-04-27 16:11:58,35.405,116.5814,57.38,31,77,8.34
459,Kieta,PG,2022-04-27 16:12:59,-6.2167,155.6333,79.61,84,72,0.69
460,Miri,MY,2022-04-27 16:12:59,4.4148,114.0089,78.19,82,100,2.86
461,Chulym,RU,2022-04-27 16:12:59,55.0997,80.9572,51.91,43,3,0.25
462,Progreso,MX,2022-04-27 16:13:00,21.2833,-89.6667,87.91,66,34,12.37
463,Olden,NO,2022-04-27 16:13:00,61.8364,6.8064,45.34,76,90,3.8
464,Mujiayingzi,CN,2022-04-27 16:13:00,42.1167,118.7833,47.08,23,100,5.06
465,Matara,LK,2022-04-27 16:13:01,5.9485,80.5353,81.59,81,16,2.59
466,Pokrovsk,UA,2022-04-27 16:13:01,48.282,37.1758,56.59,62,10,12.8
467,Mandalgovi,MN,2022-04-27 16:13:01,45.7625,106.2708,43.12,33,99,7.0
468,Port Blair,IN,2022-04-27 16:13:02,11.6667,92.75,84.24,76,97,2.39
469,Arenapolis,BR,2022-04-27 16:13:02,-14.4503,-56.8461,91.36,36,8,6.8
470,Atasu,KZ,2022-04-27 16:13:03,48.6814,71.6433,57.78,36,4,5.91
471,Shingu,JP,2022-04-27 16:13:03,33.7333,135.9833,64.94,94,100,3.38
472,Berwick,US,2022-04-27 16:11:05,41.0545,-76.2333,47.71,55,81,4.0
473,Usevya,TZ,2022-04-27 16:13:04,-7.1,31.2333,69.08,93,91,4.29
474,Wapakoneta,US,2022-04-27 16:13:04,40.5678,-84.1936,43.74,64,0,10.36
475,Queimadas,BR,2022-04-27 16:13:05,-10.9783,-39.6264,84.06,55,77,10.42
476,Aleksandrov Gay,RU,2022-04-27 16:13:05,50.147,48.5704,68.7,51,53,12.39
477,Pundaguitan,PH,2022-04-27 16:13:05,6.3711,126.1689,80.87,76,95,6.67
478,General Roca,AR,2022-04-27 16:13:06,-39.0333,-67.5833,50.07,55,23,36.42
479,Nurota,UZ,2022-04-27 16:13:06,40.5614,65.6886,68.67,26,73,15.95
480,Luwuk,ID,2022-04-27 16:13:07,-0.9516,122.7875,78.21,87,97,2.98
481,Motygino,RU,2022-04-27 16:13:07,58.1831,94.7592,26.17,96,33,2.35
482,Stayner,CA,2022-04-27 16:13:08,44.4183,-80.096,33.4,79,100,18.52
483,Yarkovo,RU,2022-04-27 16:13:08,57.4028,67.0786,60.48,66,63,9.31
484,Navoi,UZ,2022-04-27 16:13:08,40.0844,65.3792,71.08,28,99,9.22
485,Plover,US,2022-04-27 16:13:09,44.4564,-89.544,37.22,50,0,7.0
486,Maragogi,BR,2022-04-27 16:13:09,-9.0122,-35.2225,81.97,78,40,11.86
487,Pangkalanbuun,ID,2022-04-27 16:13:09,-2.6833,111.6167,75.74,95,98,0.94
488,Moville,US,2022-04-27 16:13:10,42.4889,-96.0725,53.24,53,100,12.1
489,Sangar,RU,2022-04-27 16:13:10,63.9242,127.4739,6.69,98,58,2.39
490,Budhlada,IN,2022-04-27 16:13:11,29.9333,75.5667,93.94,10,0,5.37
491,Norrkoping,SE,2022-04-27 16:13:11,58.5942,16.1826,48.18,40,100,9.22
492,Braco Do Norte,BR,2022-04-27 16:13:12,-28.275,-49.1656,95.47,28,0,4.94
493,Pemangkat,ID,2022-04-27 16:13:12,1.1667,108.9667,79.9,81,72,4.68
494,Eseka,CM,2022-04-27 16:13:12,3.65,10.7667,74.86,92,95,2.84
495,Saint-Pierre,RE,2022-04-27 16:13:13,-21.3393,55.4781,74.88,83,75,2.3
496,Zahnitkiv,UA,2022-04-27 16:13:13,48.0446,28.8958,53.83,77,100,7.07
497,Avera,US,2022-04-27 16:13:14,33.194,-82.5271,69.31,37,0,9.46
498,Anloga,GH,2022-04-27 16:13:14,5.7947,0.8973,83.71,75,100,12.19
499,Yablochnyy,RU,2022-04-27 16:13:14,47.1661,142.0661,34.09,75,89,22.37
500,Porto San Giorgio,IT,2022-04-27 16:13:15,43.1827,13.7934,63.75,75,23,9.86
501,Salinopolis,BR,2022-04-27 16:13:15,-0.6136,-47.3561,78.64,85,99,6.96
502,San Vicente,AR,2022-04-27 16:13:15,-26.6167,-54.1333,86.38,44,22,9.48
503,Nanortalik,GL,2022-04-27 16:13:16,60.1432,-45.2371,41.07,73,100,9.95
504,Alofi,NU,2022-04-27 16:13:16,-19.0595,-169.9187,77.29,79,91,12.71
505,Xining,CN,2022-04-27 16:14:17,36.6167,101.7667,41.49,74,49,2.28
506,Bacolod,PH,2022-04-27 16:14:17,10.6667,122.95,80.1,82,100,6.55
507,Carinhanha,BR,2022-04-27 16:14:17,-14.3047,-43.765,91.31,29,0,8.59
508,Taunggyi,MM,2022-04-27 16:14:18,20.7833,97.0333,72.68,40,69,1.25
509,Changping,CN,2022-04-27 16:14:18,40.2186,116.2197,46.04,77,100,1.72
510,Taltal,CL,2022-04-27 16:14:18,-25.4,-70.4833,69.46,64,0,6.13
511,Lulea,SE,2022-04-27 16:14:19,65.5842,22.1547,37.47,38,0,12.66
512,Cururupu,BR,2022-04-27 16:14:19,-1.8283,-44.8683,79.05,86,99,4.16
513,Vanersborg,SE,2022-04-27 16:14:19,58.3807,12.3234,55.9,46,0,8.05
514,Dvinskoy,RU,2022-04-27 16:14:20,62.1535,45.1175,29.75,78,100,10.87
515,Saposoa,PE,2022-04-27 16:14:20,-6.934,-76.7716,85.01,64,100,3.04
516,Kouroussa,GN,2022-04-27 16:14:21,10.65,-9.8833,102.87,18,71,2.33
517,Tokur,RU,2022-04-27 16:14:21,53.1333,132.9,16.61,98,91,1.28
518,Baijiantan,CN,2022-04-27 16:14:21,45.6333,85.1833,61.68,36,100,6.6
519,Pisco,PE,2022-04-27 16:14:22,-13.7,-76.2167,68.05,83,20,9.22
520,Houma,US,2022-04-27 16:14:22,29.5958,-90.7195,73.0,60,0,5.99
521,Meadow Lake,US,2022-04-27 16:14:22,34.8014,-106.5436,71.62,44,80,15.1
522,Poso,ID,2022-04-27 16:14:23,-1.3959,120.7524,75.54,95,100,1.92
523,Raahe,FI,2022-04-27 16:14:23,64.6833,24.4833,33.89,63,6,10.51
524,Karaman,TR,2022-04-27 16:14:23,37.0833,33.25,63.66,24,95,8.86
525,Yenagoa,NG,2022-04-27 16:14:24,4.9247,6.2642,75.81,95,100,6.53
526,Linxia,CN,2022-04-27 16:14:24,35.6003,103.2064,44.73,64,94,0.72
527,Saharanpur,IN,2022-04-27 16:14:25,29.9667,77.55,90.05,12,0,8.3
528,Charters Towers,AU,2022-04-27 16:14:25,-20.1,146.2667,69.24,90,0,8.05
529,Springfield,US,2022-04-27 16:11:57,37.2153,-93.2982,65.28,36,0,16.11
530,Bayeux,BR,2022-04-27 16:14:25,-7.125,-34.9322,83.03,78,75,16.11
531,Oksfjord,NO,2022-04-27 16:14:26,70.2396,22.3479,30.27,92,100,27.74
532,Olga,RU,2022-04-27 16:14:26,43.7444,135.2892,40.01,47,49,4.9
533,Sistranda,NO,2022-04-27 16:14:27,63.7256,8.834,39.16,76,100,25.72
534,Tromso,NO,2022-04-27 16:14:27,69.6496,18.957,30.38,64,75,24.16
535,Coquimbo,CL,2022-04-27 16:14:27,-29.9533,-71.3436,62.33,77,20,12.66
536,San Quintin,MX,2022-04-27 16:14:28,30.4833,-115.95,62.28,75,40,10.54
537,Birjand,IR,2022-04-27 16:14:28,32.8663,59.2211,68.47,37,75,20.71
538,Altus,US,2022-04-27 16:12:29,34.6381,-99.334,64.47,59,100,17.27
539,Chase,CA,2022-04-27 16:14:28,50.8165,-119.6857,47.08,72,30,3.11
540,George Town,MY,2022-04-27 16:10:21,5.4112,100.3354,85.95,79,20,0.0
541,La Tuque,CA,2022-04-27 16:13:44,47.4334,-72.7824,39.76,69,100,9.37
542,Daru,PG,2022-04-27 16:14:29,-9.0763,143.2092,79.59,86,59,7.87
543,La Ronge,CA,2022-04-27 16:11:48,55.1001,-105.2842,37.15,66,38,12.1
544,Stokmarknes,NO,2022-04-27 16:14:29,68.5646,14.9108,37.36,60,40,14.97
545,Iwaki,JP,2022-04-27 16:13:31,37.05,140.8833,58.33,62,100,5.01
546,Issoudun,FR,2022-04-27 16:14:30,47.0,1.8333,66.85,52,0,10.36
547,Bayji,IQ,2022-04-27 16:14:30,34.9311,43.487,79.72,35,67,8.63
548,Walla Walla,US,2022-04-27 16:12:52,46.0646,-118.343,48.0,67,100,12.66
549,Stepantsevo,RU,2022-04-27 16:14:30,56.1314,41.7032,44.24,89,100,10.22
550,Bubaque,GW,2022-04-27 16:14:31,11.2833,-15.8333,77.97,77,22,15.88
551,Roebourne,AU,2022-04-27 16:14:31,-20.7833,117.1333,79.18,61,99,9.44
552,Ayagoz,KZ,2022-04-27 16:14:31,47.9714,80.4392,50.7,42,25,7.83
